product,country,correction_bnusd_per_mt_feed
dairy,AFG,0.15704311430454254
dairy,AGO,-0.10720374993979931
dairy,ALB,0.2039732038974762
dairy,ARE,0.02107481099665165
dairy,ARG,-0.0830312967300415
dairy,ARM,0.1000119112432003
dairy,ASM,-0.0
dairy,ATG,-0.10122861713171005
dairy,AUS,0.01685505546629429
dairy,AUT,0.17007198184728622
dairy,AZE,0.10581577196717262
dairy,BDI,-0.15968918055295944
dairy,BEL,0.19801177084445953
dairy,BEN,-0.15707719326019287
dairy,BFA,-0.1656585931777954
dairy,BGD,-0.03687192779034376
dairy,BGR,0.2208825871348381
dairy,BHS,-0.054491519927978516
dairy,BIH,0.3211663067340851
dairy,BLR,0.11171425879001617
dairy,BLZ,-0.12958690524101257
dairy,BOL,-0.14613374322652817
dairy,BRA,-0.09746488928794861
dairy,BRB,-0.23594264686107635
dairy,BRN,0.014300180599093437
dairy,BTN,0.05847013369202614
dairy,BWA,-0.12191631644964218
dairy,CAF,-0.110183609649539
dairy,CAN,-0.10675651952624321
dairy,CHE,0.19595547765493393
dairy,CHL,-0.09876278042793274
dairy,CHN,0.31595245003700256
dairy,CIV,-0.16207504272460938
dairy,CMR,-0.17060378193855286
dairy,COD,-0.17692848294973373
dairy,COG,-0.1707666888833046
dairy,COL,-0.1525387018918991
dairy,COM,-0.12215038761496544
dairy,CPV,-0.11238348484039307
dairy,CRI,-0.03940237686038017
dairy,CUB,-0.13583030179142952
dairy,CYP,0.21193087100982666
dairy,CZE,0.16133342683315277
dairy,DEU,0.17980960756540298
dairy,DJI,-0.015711184591054916
dairy,DNK,0.21237867325544357
dairy,DOM,-0.03312259167432785
dairy,DZA,0.06647635996341705
dairy,ECU,-0.14603416621685028
dairy,EGY,-0.0010244521545246243
dairy,ERI,-0.09022246487438679
dairy,ESP,0.061828985810279846
dairy,EST,0.19788579642772675
dairy,ETH,-0.12361417338252068
dairy,FIN,0.27306415140628815
dairy,FJI,0.03348633646965027
dairy,FRA,0.10673965141177177
dairy,GAB,-0.030947238206863403
dairy,GBR,0.2269890457391739
dairy,GEO,0.07478091958910227
dairy,GHA,-0.10408715717494488
dairy,GIN,-0.10693381540477276
dairy,GMB,-0.13216522336006165
dairy,GNB,-0.16765744239091873
dairy,GNQ,-0.0
dairy,GRC,0.11884822696447372
dairy,GRD,-0.1427714303135872
dairy,GTM,-0.1039636991918087
dairy,GUF,-0.0
dairy,GUY,-0.08431084454059601
dairy,HND,-0.06969267874956131
dairy,HRV,0.12475622445344925
dairy,HTI,-0.014309266582131386
dairy,HUN,0.18082382529973984
dairy,IDN,0.07828401029109955
dairy,IND,-0.0011650552041828632
dairy,IRL,0.07401346042752266
dairy,IRN,0.15189815312623978
dairy,IRQ,-0.026436693500727415
dairy,ISL,0.21863169968128204
dairy,ISR,0.023620672523975372
dairy,ITA,0.13111210986971855
dairy,JAM,-0.05032552033662796
dairy,JOR,0.26591750979423523
dairy,JPN,0.26855120807886124
dairy,KAZ,0.19330085068941116
dairy,KEN,-0.07146837376058102
dairy,KGZ,0.3617907762527466
dairy,KHM,-0.04458776116371155
dairy,KOR,0.29044999182224274
dairy,LAO,0.010668165050446987
dairy,LBN,0.25697655230760574
dairy,LBR,-0.06981001142412424
dairy,LBY,0.02614612504839897
dairy,LKA,0.11465373635292053
dairy,LSO,-0.12651880830526352
dairy,LTU,0.2064574882388115
dairy,LUX,0.1665899083018303
dairy,LVA,0.1897248774766922
dairy,MAR,-0.01943243807181716
dairy,MDA,0.14422688633203506
dairy,MDG,-0.15470033138990402
dairy,MEX,-0.11362024396657944
dairy,MKD,0.12443366274237633
dairy,MLI,-0.09298433642834425
dairy,MLT,-0.05559426546096802
dairy,MMR,-0.05151781253516674
dairy,MNE,0.37636247277259827
dairy,MNG,0.058131489902734756
dairy,MOZ,-0.09533224999904633
dairy,MRT,-0.11119057238101959
dairy,MUS,-0.02941706031560898
dairy,MWI,-0.11905134841799736
dairy,MYS,0.002693686168640852
dairy,NAM,-0.13286708295345306
dairy,NER,-0.17463833838701248
dairy,NGA,-0.10480029322206974
dairy,NIC,-0.16305844485759735
dairy,NLD,0.0910135880112648
dairy,NOR,0.19190189242362976
dairy,NPL,-0.0020998776890337467
dairy,NZL,0.028402673080563545
dairy,OMN,-0.022310546599328518
dairy,PAK,0.11450739949941635
dairy,PAN,-0.09084049612283707
dairy,PER,-0.10050560534000397
dairy,PHL,0.1611545905470848
dairy,PNG,-3.7788881473243237
dairy,POL,0.1594175398349762
dairy,PRI,-0.10839759185910225
dairy,PRT,0.12673278152942657
dairy,PRY,-0.10043223574757576
dairy,PSE,0.19765548408031464
dairy,ROU,0.23962155729532242
dairy,RUS,0.25911304354667664
dairy,RWA,-0.12225152924656868
dairy,SAU,0.34438690543174744
dairy,SDN,-0.01076778955757618
dairy,SEN,-0.16279811412096024
dairy,SLB,-0.0
dairy,SLE,-0.1317024752497673
dairy,SLV,-0.10502677038311958
dairy,SOM,-0.1119517907500267
dairy,SRB,0.19717387109994888
dairy,SSD,-0.0659387381747365
dairy,STP,-0.07678283378481865
dairy,SUR,-0.08218113519251347
dairy,SVK,0.16425294429063797
dairy,SVN,0.17768772691488266
dairy,SWE,0.21945276856422424
dairy,SWZ,-0.10530882701277733
dairy,SYR,0.06410621106624603
dairy,TCD,-0.1250922977924347
dairy,TGO,-0.16445159167051315
dairy,THA,0.13245469331741333
dairy,TJK,0.37514084577560425
dairy,TKM,0.17261970788240433
dairy,TLS,-0.05460628680884838
dairy,TTO,-0.08890503831207752
dairy,TUN,0.09751147031784058
dairy,TUR,0.04113505221903324
dairy,TWN,0.26005232334136963
dairy,TZA,-0.14775554090738297
dairy,UGA,-0.14393425732851028
dairy,UKR,0.2620643824338913
dairy,URY,-0.14457238465547562
dairy,USA,-0.15267684310674667
dairy,UZB,0.21218205243349075
dairy,VEN,-0.1125888079404831
dairy,VNM,-0.004397318698465824
dairy,VUT,0.011879793368279934
dairy,YEM,-0.02996217180043459
dairy,ZAF,-0.08085231482982635
dairy,ZMB,-0.10454845614731312
dairy,ZWE,-0.36803361028432846
dairy-buffalo,AFG,-0.0
dairy-buffalo,AGO,-0.0
dairy-buffalo,ALB,-0.0
dairy-buffalo,ARE,-0.0
dairy-buffalo,ARG,-0.0
dairy-buffalo,ARM,-0.0
dairy-buffalo,ASM,-0.0
dairy-buffalo,ATG,-0.0
dairy-buffalo,AUS,-0.0
dairy-buffalo,AUT,-0.0
dairy-buffalo,AZE,-0.0
dairy-buffalo,BDI,-0.0
dairy-buffalo,BEL,-0.0
dairy-buffalo,BEN,-0.0
dairy-buffalo,BFA,-0.0
dairy-buffalo,BGD,-0.11026491597294807
dairy-buffalo,BGR,0.11353081550136324
dairy-buffalo,BHS,-0.0
dairy-buffalo,BIH,-0.0
dairy-buffalo,BLR,-0.0
dairy-buffalo,BLZ,-0.0
dairy-buffalo,BOL,-0.0
dairy-buffalo,BRA,-0.0
dairy-buffalo,BRB,-0.0
dairy-buffalo,BRN,-0.05381005257368088
dairy-buffalo,BTN,-0.0
dairy-buffalo,BWA,-0.0
dairy-buffalo,CAF,-0.0
dairy-buffalo,CAN,-0.0
dairy-buffalo,CHE,-0.0
dairy-buffalo,CHL,-0.0
dairy-buffalo,CHN,-0.019936920114560053
dairy-buffalo,CIV,-0.0
dairy-buffalo,CMR,-0.0
dairy-buffalo,COD,-0.0
dairy-buffalo,COG,-0.0
dairy-buffalo,COL,-0.0
dairy-buffalo,COM,-0.0
dairy-buffalo,CPV,-0.0
dairy-buffalo,CRI,-0.0
dairy-buffalo,CUB,-0.0
dairy-buffalo,CYP,-0.0
dairy-buffalo,CZE,-0.0
dairy-buffalo,DEU,-0.0
dairy-buffalo,DJI,-0.0
dairy-buffalo,DNK,-0.0
dairy-buffalo,DOM,-0.0
dairy-buffalo,DZA,-0.0
dairy-buffalo,ECU,-0.0
dairy-buffalo,EGY,0.07942048832774162
dairy-buffalo,ERI,-0.0
dairy-buffalo,ESP,-0.0
dairy-buffalo,EST,-0.0
dairy-buffalo,ETH,-0.0
dairy-buffalo,FIN,-0.0
dairy-buffalo,FJI,-0.0
dairy-buffalo,FRA,-0.0
dairy-buffalo,GAB,-0.0
dairy-buffalo,GBR,-0.0
dairy-buffalo,GEO,-0.0
dairy-buffalo,GHA,-0.0
dairy-buffalo,GIN,-0.0
dairy-buffalo,GMB,-0.0
dairy-buffalo,GNB,-0.0
dairy-buffalo,GNQ,-0.0
dairy-buffalo,GRC,0.035413739271461964
dairy-buffalo,GRD,-0.0
dairy-buffalo,GTM,-0.0
dairy-buffalo,GUF,-0.0
dairy-buffalo,GUY,-0.0
dairy-buffalo,HND,-0.0
dairy-buffalo,HRV,-0.0
dairy-buffalo,HTI,-0.0
dairy-buffalo,HUN,-0.0
dairy-buffalo,IDN,-0.06900065205991268
dairy-buffalo,IND,-0.0011650319211184978
dairy-buffalo,IRL,-0.0
dairy-buffalo,IRN,0.17490185797214508
dairy-buffalo,IRQ,-0.015229092008667067
dairy-buffalo,ISL,-0.0
dairy-buffalo,ISR,-0.0
dairy-buffalo,ITA,0.17062978446483612
dairy-buffalo,JAM,-0.0
dairy-buffalo,JOR,-0.0
dairy-buffalo,JPN,-0.0
dairy-buffalo,KAZ,-0.0
dairy-buffalo,KEN,-0.0
dairy-buffalo,KGZ,-0.0
dairy-buffalo,KHM,-0.0
dairy-buffalo,KOR,-0.0
dairy-buffalo,LAO,-0.0
dairy-buffalo,LBN,-0.0
dairy-buffalo,LBR,-0.0
dairy-buffalo,LBY,-0.0
dairy-buffalo,LKA,-0.027648155577480793
dairy-buffalo,LSO,-0.0
dairy-buffalo,LTU,-0.0
dairy-buffalo,LUX,-0.0
dairy-buffalo,LVA,-0.0
dairy-buffalo,MAR,-0.0
dairy-buffalo,MDA,-0.0
dairy-buffalo,MDG,-0.0
dairy-buffalo,MEX,-0.0
dairy-buffalo,MKD,-0.0
dairy-buffalo,MLI,-0.0
dairy-buffalo,MLT,-0.0
dairy-buffalo,MMR,-0.1066674031317234
dairy-buffalo,MNE,-0.0
dairy-buffalo,MNG,-0.0
dairy-buffalo,MOZ,-0.0
dairy-buffalo,MRT,-0.0
dairy-buffalo,MUS,-0.0
dairy-buffalo,MWI,-0.0
dairy-buffalo,MYS,-0.022081612143665552
dairy-buffalo,NAM,-0.0
dairy-buffalo,NER,-0.0
dairy-buffalo,NGA,-0.0
dairy-buffalo,NIC,-0.0
dairy-buffalo,NLD,-0.0
dairy-buffalo,NOR,-0.0
dairy-buffalo,NPL,-0.011858292855322361
dairy-buffalo,NZL,-0.0
dairy-buffalo,OMN,-0.0
dairy-buffalo,PAK,0.0907842144370079
dairy-buffalo,PAN,-0.0
dairy-buffalo,PER,-0.0
dairy-buffalo,PHL,-0.0
dairy-buffalo,PNG,-0.0
dairy-buffalo,POL,-0.0
dairy-buffalo,PRI,-0.0
dairy-buffalo,PRT,-0.0
dairy-buffalo,PRY,-0.0
dairy-buffalo,PSE,-0.0
dairy-buffalo,ROU,-0.0
dairy-buffalo,RUS,-0.0
dairy-buffalo,RWA,-0.0
dairy-buffalo,SAU,-0.0
dairy-buffalo,SDN,-0.0
dairy-buffalo,SEN,-0.0
dairy-buffalo,SLB,-0.0
dairy-buffalo,SLE,-0.0
dairy-buffalo,SLV,-0.0
dairy-buffalo,SOM,-0.0
dairy-buffalo,SRB,-0.0
dairy-buffalo,SSD,-0.0
dairy-buffalo,STP,-0.0
dairy-buffalo,SUR,-0.0
dairy-buffalo,SVK,-0.0
dairy-buffalo,SVN,-0.0
dairy-buffalo,SWE,-0.0
dairy-buffalo,SWZ,-0.0
dairy-buffalo,SYR,0.014235218986868858
dairy-buffalo,TCD,-0.0
dairy-buffalo,TGO,-0.0
dairy-buffalo,THA,-0.0
dairy-buffalo,TJK,-0.0
dairy-buffalo,TKM,-0.0
dairy-buffalo,TLS,-0.0
dairy-buffalo,TTO,-0.0
dairy-buffalo,TUN,-0.0
dairy-buffalo,TUR,0.03204272361472249
dairy-buffalo,TWN,-0.0
dairy-buffalo,TZA,-0.0
dairy-buffalo,UGA,-0.0
dairy-buffalo,UKR,-0.0
dairy-buffalo,URY,-0.0
dairy-buffalo,USA,-0.0
dairy-buffalo,UZB,-0.0
dairy-buffalo,VEN,-0.0
dairy-buffalo,VNM,-0.10383883118629456
dairy-buffalo,VUT,-0.0
dairy-buffalo,YEM,-0.0
dairy-buffalo,ZAF,-0.0
dairy-buffalo,ZMB,-0.0
dairy-buffalo,ZWE,-0.0
eggs,AFG,-0.10129447281360626
eggs,AGO,-0.09487461298704147
eggs,ALB,-0.005914208944886923
eggs,ARE,-0.0
eggs,ARG,-0.044897254556417465
eggs,ARM,0.013924534432590008
eggs,ASM,-0.0
eggs,ATG,-0.05965002253651619
eggs,AUS,-0.00027381317340768874
eggs,AUT,-0.007874097675085068
eggs,AZE,0.01507851853966713
eggs,BDI,-0.14771687984466553
eggs,BEL,-0.0
eggs,BEN,-0.14732353389263153
eggs,BFA,-0.15444312989711761
eggs,BGD,-0.0882246196269989
eggs,BGR,-0.0
eggs,BHS,-0.04087718576192856
eggs,BIH,-0.017100749537348747
eggs,BLR,-0.024857372045516968
eggs,BLZ,-0.051462456583976746
eggs,BOL,-0.05515594407916069
eggs,BRA,-0.035645101219415665
eggs,BRB,-0.044298965483903885
eggs,BRN,0.014116380363702774
eggs,BTN,-0.07873156666755676
eggs,BWA,-0.14615096151828766
eggs,CAF,-0.13441972434520721
eggs,CAN,-0.02031291089951992
eggs,CHE,-0.026489652693271637
eggs,CHL,-0.06265465915203094
eggs,CHN,-0.0
eggs,CIV,-0.09640952944755554
eggs,CMR,-0.1122300922870636
eggs,COD,-0.14998440444469452
eggs,COG,-0.10815466940402985
eggs,COL,-0.06552263349294662
eggs,COM,-0.11676482111215591
eggs,CPV,-0.05019238963723183
eggs,CRI,-0.06269366294145584
eggs,CUB,-0.040319379419088364
eggs,CYP,-0.0
eggs,CZE,-0.0
eggs,DEU,0.0003942286130040884
eggs,DJI,-0.0
eggs,DNK,-0.010463789105415344
eggs,DOM,-0.05796898156404495
eggs,DZA,-0.02573394402861595
eggs,ECU,-0.0778735801577568
eggs,EGY,-0.05529266223311424
eggs,ERI,-0.1464652419090271
eggs,ESP,-0.02570231631398201
eggs,EST,0.006465084385126829
eggs,ETH,-0.14416782557964325
eggs,FIN,-0.03001423552632332
eggs,FJI,-0.06264849752187729
eggs,FRA,-0.0
eggs,GAB,-0.08629554510116577
eggs,GBR,-0.06295625865459442
eggs,GEO,0.01852412521839142
eggs,GHA,-0.12094172090291977
eggs,GIN,-0.1428675800561905
eggs,GMB,-0.11384326964616776
eggs,GNB,-0.15351368486881256
eggs,GNQ,-0.06333323568105698
eggs,GRC,-0.0
eggs,GRD,-0.06662018597126007
eggs,GTM,-0.07765236496925354
eggs,GUF,-0.0
eggs,GUY,-0.05691997706890106
eggs,HND,-0.07349395006895065
eggs,HRV,-0.0
eggs,HTI,-0.11368885636329651
eggs,HUN,-0.0
eggs,IDN,-0.01963954046368599
eggs,IND,0.003447696566581726
eggs,IRL,-0.0
eggs,IRN,-0.010686693713068962
eggs,IRQ,0.0036165511701256037
eggs,ISL,-0.061876438558101654
eggs,ISR,-0.029262499883770943
eggs,ITA,-0.018244381994009018
eggs,JAM,-0.06478656828403473
eggs,JOR,-0.024154864251613617
eggs,JPN,-0.019449444487690926
eggs,KAZ,0.019218062981963158
eggs,KEN,-0.13357388973236084
eggs,KGZ,-0.017394060268998146
eggs,KHM,-0.039304498583078384
eggs,KOR,-0.021960243582725525
eggs,LAO,-0.07381052523851395
eggs,LBN,-0.030136603862047195
eggs,LBR,-0.15716016292572021
eggs,LBY,-0.03942167013883591
eggs,LKA,-0.0038005260284990072
eggs,LSO,-0.16034428775310516
eggs,LTU,-0.0
eggs,LUX,0.03374353423714638
eggs,LVA,-0.0
eggs,MAR,-0.05340086668729782
eggs,MDA,0.00530238589271903
eggs,MDG,-0.1406629979610443
eggs,MEX,-0.051394980400800705
eggs,MKD,0.02565854974091053
eggs,MLI,-0.14940235018730164
eggs,MLT,-0.0
eggs,MMR,-0.07247091084718704
eggs,MNE,0.009094341658055782
eggs,MNG,0.0215245820581913
eggs,MOZ,-0.14736123383045197
eggs,MRT,-0.08580026775598526
eggs,MUS,-0.11783649027347565
eggs,MWI,-0.15767145156860352
eggs,MYS,-0.018507594242691994
eggs,NAM,-0.09538532793521881
eggs,NER,-0.15885405242443085
eggs,NGA,-0.09969361871480942
eggs,NIC,-0.08121582865715027
eggs,NLD,-0.0
eggs,NOR,-0.029087666422128677
eggs,NPL,-0.059497904032468796
eggs,NZL,-0.05891067907214165
eggs,OMN,-0.10032986849546432
eggs,PAK,-0.001467800815589726
eggs,PAN,-0.05702948942780495
eggs,PER,-0.06311774998903275
eggs,PHL,-0.03373125568032265
eggs,PNG,-0.07675039023160934
eggs,POL,-0.0
eggs,PRI,-0.05605696886777878
eggs,PRT,-0.020828858017921448
eggs,PRY,-0.031881146132946014
eggs,PSE,-0.04491844028234482
eggs,ROU,-0.0
eggs,RUS,0.027004579082131386
eggs,RWA,-0.15194101631641388
eggs,SAU,-0.002223194809630513
eggs,SDN,-0.08077669143676758
eggs,SEN,-0.10595641285181046
eggs,SLB,-0.11834622919559479
eggs,SLE,-0.15875500440597534
eggs,SLV,-0.07061763107776642
eggs,SOM,-0.16313745081424713
eggs,SRB,0.009765307419002056
eggs,SSD,-0.0
eggs,STP,-0.10910293459892273
eggs,SUR,-0.05293649807572365
eggs,SVK,-0.0
eggs,SVN,-0.0
eggs,SWE,-0.018108610063791275
eggs,SWZ,-0.0929231271147728
eggs,SYR,0.007173717953264713
eggs,TCD,-0.14454379677772522
eggs,TGO,-0.10557141900062561
eggs,THA,0.024967418983578682
eggs,TJK,-0.09741141647100449
eggs,TKM,0.010222666896879673
eggs,TLS,-0.07448280602693558
eggs,TTO,-0.04405926167964935
eggs,TUN,-0.030628276988863945
eggs,TUR,0.00038387009408324957
eggs,TWN,-0.018148843199014664
eggs,TZA,-0.1617685854434967
eggs,UGA,-0.1525929719209671
eggs,UKR,-0.019755810499191284
eggs,URY,-0.051084939390420914
eggs,USA,-0.0449313223361969
eggs,UZB,-0.03429064154624939
eggs,VEN,-0.06298284977674484
eggs,VNM,-0.019945016130805016
eggs,VUT,-0.10309087485074997
eggs,YEM,-0.043385718017816544
eggs,ZAF,-0.11200040578842163
eggs,ZMB,-0.12962643802165985
eggs,ZWE,-0.1716448962688446
meat-cattle,AFG,-0.16928142309188843
meat-cattle,AGO,-0.1257990263402462
meat-cattle,ALB,-0.004809084348380566
meat-cattle,ARE,-0.1344841979444027
meat-cattle,ARG,-0.05500942841172218
meat-cattle,ARM,-0.11069642752408981
meat-cattle,ASM,-0.0
meat-cattle,ATG,-0.13367949426174164
meat-cattle,AUS,-0.1050851158797741
meat-cattle,AUT,-0.02441420592367649
meat-cattle,AZE,-0.1208363026380539
meat-cattle,BDI,-0.18090221285820007
meat-cattle,BEL,-0.023508114740252495
meat-cattle,BEN,-0.1726049855351448
meat-cattle,BFA,-0.17752499133348465
meat-cattle,BGD,-0.19673527777194977
meat-cattle,BGR,-0.003828932996839285
meat-cattle,BHS,-0.026166873052716255
meat-cattle,BIH,0.05926542915403843
meat-cattle,BLR,-0.044827353209257126
meat-cattle,BLZ,-0.1510200798511505
meat-cattle,BOL,-0.14283574372529984
meat-cattle,BRA,-0.10186038166284561
meat-cattle,BRB,-0.25286534428596497
meat-cattle,BRN,-0.13240670785307884
meat-cattle,BTN,-0.20701027661561966
meat-cattle,BWA,-0.17289328575134277
meat-cattle,CAF,-0.12925046682357788
meat-cattle,CAN,0.03501711739227176
meat-cattle,CHE,-0.018396012485027313
meat-cattle,CHL,-0.09379740431904793
meat-cattle,CHN,-0.11509571596980095
meat-cattle,CIV,-0.17612596601247787
meat-cattle,CMR,-0.1931435987353325
meat-cattle,COD,-0.19415772706270218
meat-cattle,COG,-0.1923472285270691
meat-cattle,COL,-0.14888298511505127
meat-cattle,COM,-0.1709539219737053
meat-cattle,CPV,-0.029708273708820343
meat-cattle,CRI,-0.10249386727809906
meat-cattle,CUB,-0.1540159061551094
meat-cattle,CYP,-0.08444887399673462
meat-cattle,CZE,-0.02749259304255247
meat-cattle,DEU,-0.021562623791396618
meat-cattle,DJI,-0.03279849514365196
meat-cattle,DNK,0.0017301845364272594
meat-cattle,DOM,-0.037590011954307556
meat-cattle,DZA,-0.07717475295066833
meat-cattle,ECU,-0.1292690597474575
meat-cattle,EGY,-0.1475619673728943
meat-cattle,ERI,-0.12647086009383202
meat-cattle,ESP,-0.08818136528134346
meat-cattle,EST,0.018805977422744036
meat-cattle,ETH,-0.15572601556777954
meat-cattle,FIN,-0.0010687275789678097
meat-cattle,FJI,-0.1387435980141163
meat-cattle,FRA,-0.05331779457628727
meat-cattle,GAB,-0.09471338242292404
meat-cattle,GBR,-0.03960189409554005
meat-cattle,GEO,-0.1181139126420021
meat-cattle,GHA,-0.11505057290196419
meat-cattle,GIN,-0.11688891239464283
meat-cattle,GMB,-0.1601354479789734
meat-cattle,GNB,-0.18289562314748764
meat-cattle,GNQ,-0.11022891849279404
meat-cattle,GRC,-0.06512694619596004
meat-cattle,GRD,-0.1638508215546608
meat-cattle,GTM,-0.12865611910820007
meat-cattle,GUF,-0.0
meat-cattle,GUY,-0.11728880554437637
meat-cattle,HND,-0.09413361363112926
meat-cattle,HRV,-0.055901626124978065
meat-cattle,HTI,-0.01890016905963421
meat-cattle,HUN,-0.020897129084914923
meat-cattle,IDN,-0.16227636486291885
meat-cattle,IND,-0.19306299835443497
meat-cattle,IRL,-0.054088741540908813
meat-cattle,IRN,-0.10254352353513241
meat-cattle,IRQ,-0.15682078152894974
meat-cattle,ISL,-0.048070674762129784
meat-cattle,ISR,-0.22201677039265633
meat-cattle,ITA,-0.04955180734395981
meat-cattle,JAM,-0.05366169661283493
meat-cattle,JOR,-0.06323488801717758
meat-cattle,JPN,-0.16508100926876068
meat-cattle,KAZ,-0.1507895216345787
meat-cattle,KEN,-0.11206181533634663
meat-cattle,KGZ,-0.08849869295954704
meat-cattle,KHM,-0.13185065612196922
meat-cattle,KOR,-0.13348528370261192
meat-cattle,LAO,-0.1533110961318016
meat-cattle,LBN,-0.06998219527304173
meat-cattle,LBR,-0.09573245979845524
meat-cattle,LBY,-0.09182965941727161
meat-cattle,LKA,-0.17573632299900055
meat-cattle,LSO,-0.17382188141345978
meat-cattle,LTU,0.01849628984928131
meat-cattle,LUX,-0.023972392082214355
meat-cattle,LVA,0.010533468797802925
meat-cattle,MAR,-0.1294475942850113
meat-cattle,MDA,-0.047860151156783104
meat-cattle,MDG,-0.18848707526922226
meat-cattle,MEX,-0.08581728115677834
meat-cattle,MKD,-0.03539683576673269
meat-cattle,MLI,-0.10358951054513454
meat-cattle,MLT,-0.2843518368899822
meat-cattle,MMR,-0.1924792304635048
meat-cattle,MNE,0.019248053431510925
meat-cattle,MNG,-0.17875923216342926
meat-cattle,MOZ,-0.14356394112110138
meat-cattle,MRT,-0.12862279266119003
meat-cattle,MUS,-0.0977739505469799
meat-cattle,MWI,-0.13892478123307228
meat-cattle,MYS,-0.17000756412744522
meat-cattle,NAM,-0.16381501406431198
meat-cattle,NER,-0.1929762214422226
meat-cattle,NGA,-0.11463849805295467
meat-cattle,NIC,-0.16220872104167938
meat-cattle,NLD,-0.07859964203089476
meat-cattle,NOR,-0.04625767841935158
meat-cattle,NPL,-0.1515219323337078
meat-cattle,NZL,-0.054785145446658134
meat-cattle,OMN,-0.1737205758690834
meat-cattle,PAK,-0.13380110263824463
meat-cattle,PAN,-0.1090087890625
meat-cattle,PER,-0.1332940086722374
meat-cattle,PHL,-0.1459331437945366
meat-cattle,PNG,-0.12184944748878479
meat-cattle,POL,-0.023747614584863186
meat-cattle,PRI,-0.13735299557447433
meat-cattle,PRT,-0.07069314457476139
meat-cattle,PRY,-0.07199040427803993
meat-cattle,PSE,-0.08673075214028358
meat-cattle,ROU,0.008321164641529322
meat-cattle,RUS,-0.042255401611328125
meat-cattle,RWA,-0.16962390393018723
meat-cattle,SAU,-0.03559712786227465
meat-cattle,SDN,-0.1303614303469658
meat-cattle,SEN,-0.17897694557905197
meat-cattle,SLB,-0.12114391475915909
meat-cattle,SLE,-0.15398907661437988
meat-cattle,SLV,-0.13687077909708023
meat-cattle,SOM,-0.1316046640276909
meat-cattle,SRB,-0.01680360990576446
meat-cattle,SSD,-0.10792584531009197
meat-cattle,STP,-0.13186609745025635
meat-cattle,SUR,-0.09880926460027695
meat-cattle,SVK,-0.030049581080675125
meat-cattle,SVN,-0.014528251544106752
meat-cattle,SWE,-0.020923613104969263
meat-cattle,SWZ,-0.12895467877388
meat-cattle,SYR,-0.13197769597172737
meat-cattle,TCD,-0.13853783160448074
meat-cattle,TGO,-0.17451506108045578
meat-cattle,THA,-0.10741009935736656
meat-cattle,TJK,-0.137347973883152
meat-cattle,TKM,-0.1506362184882164
meat-cattle,TLS,-0.11759849265217781
meat-cattle,TTO,-0.11016082018613815
meat-cattle,TUN,-0.09341717138886452
meat-cattle,TUR,-0.11928858980536461
meat-cattle,TWN,-0.1295611709356308
meat-cattle,TZA,-0.176679328083992
meat-cattle,UGA,-0.17263486236333847
meat-cattle,UKR,0.006986623164266348
meat-cattle,URY,-0.11303851380944252
meat-cattle,USA,-0.007946605794131756
meat-cattle,UZB,-0.14724620431661606
meat-cattle,VEN,-0.11049699410796165
meat-cattle,VNM,-0.1837373748421669
meat-cattle,VUT,-0.12759526446461678
meat-cattle,YEM,-0.13756560534238815
meat-cattle,ZAF,-0.11507143452763557
meat-cattle,ZMB,-0.12069659680128098
meat-cattle,ZWE,-0.39384278655052185
meat-chicken,AFG,-0.10345368832349777
meat-chicken,AGO,-0.05118250474333763
meat-chicken,ALB,-0.007735037710517645
meat-chicken,ARE,8.098212856566533e-05
meat-chicken,ARG,0.003199078841134906
meat-chicken,ARM,0.019747909158468246
meat-chicken,ASM,-0.0
meat-chicken,ATG,-0.007826640270650387
meat-chicken,AUS,0.02869303710758686
meat-chicken,AUT,-0.011011955328285694
meat-chicken,AZE,0.020817367359995842
meat-chicken,BDI,-0.14083231985569
meat-chicken,BEL,-0.04137534275650978
meat-chicken,BEN,-0.14388835430145264
meat-chicken,BFA,-0.15271933376789093
meat-chicken,BGD,-0.08562930673360825
meat-chicken,BGR,-0.004640841390937567
meat-chicken,BHS,-0.010583414696156979
meat-chicken,BIH,-0.026080120354890823
meat-chicken,BLR,-0.0339386947453022
meat-chicken,BLZ,-0.01018159557133913
meat-chicken,BOL,-0.019830362871289253
meat-chicken,BRA,-0.0008636084385216236
meat-chicken,BRB,-0.015405748970806599
meat-chicken,BRN,0.020561793819069862
meat-chicken,BTN,-0.07997539639472961
meat-chicken,BWA,-0.1243421733379364
meat-chicken,CAF,-0.118962362408638
meat-chicken,CAN,0.017828576266765594
meat-chicken,CHE,-0.03391570225358009
meat-chicken,CHL,-0.017601842060685158
meat-chicken,CHN,-0.01758699305355549
meat-chicken,CIV,-0.09215860068798065
meat-chicken,CMR,-0.09685920923948288
meat-chicken,COD,-0.13690584897994995
meat-chicken,COG,-0.09809401631355286
meat-chicken,COL,-0.037253737449645996
meat-chicken,COM,-0.10255702584981918
meat-chicken,CPV,-0.05275232344865799
meat-chicken,CRI,-0.03457826003432274
meat-chicken,CUB,-0.011685376986861229
meat-chicken,CYP,-0.00929110124707222
meat-chicken,CZE,-0.017607111483812332
meat-chicken,DEU,-0.01005595177412033
meat-chicken,DJI,-0.0
meat-chicken,DNK,-0.022558676078915596
meat-chicken,DOM,-0.00916319526731968
meat-chicken,DZA,-0.03547981008887291
meat-chicken,ECU,-0.047120749950408936
meat-chicken,EGY,-0.04573335126042366
meat-chicken,ERI,-0.13724374771118164
meat-chicken,ESP,-0.01747058518230915
meat-chicken,EST,-0.010876618325710297
meat-chicken,ETH,-0.134730264544487
meat-chicken,FIN,-0.029247848317027092
meat-chicken,FJI,0.012897921726107597
meat-chicken,FRA,-0.01860906183719635
meat-chicken,GAB,-0.05016665905714035
meat-chicken,GBR,-0.04792843386530876
meat-chicken,GEO,0.025020617991685867
meat-chicken,GHA,-0.1156645268201828
meat-chicken,GIN,-0.1386394202709198
meat-chicken,GMB,-0.11363119632005692
meat-chicken,GNB,-0.15325254201889038
meat-chicken,GNQ,-0.050326842814683914
meat-chicken,GRC,-0.009448240511119366
meat-chicken,GRD,-0.024769753217697144
meat-chicken,GTM,-0.024591319262981415
meat-chicken,GUF,-0.0
meat-chicken,GUY,-0.0026587771717458963
meat-chicken,HND,-0.025806276127696037
meat-chicken,HRV,-0.017689205706119537
meat-chicken,HTI,-0.09902964532375336
meat-chicken,HUN,-0.01866872049868107
meat-chicken,IDN,-0.015637032687664032
meat-chicken,IND,0.006112704053521156
meat-chicken,IRL,-0.05923938378691673
meat-chicken,IRN,0.003488188376650214
meat-chicken,IRQ,0.006977553013712168
meat-chicken,ISL,-0.026205437257885933
meat-chicken,ISR,-0.01892601139843464
meat-chicken,ITA,-0.019706394523382187
meat-chicken,JAM,-0.0427260547876358
meat-chicken,JOR,-0.007643652148544788
meat-chicken,JPN,0.0042485021986067295
meat-chicken,KAZ,0.047663647681474686
meat-chicken,KEN,-0.12060546875
meat-chicken,KGZ,-0.022918162867426872
meat-chicken,KHM,-0.04398350790143013
meat-chicken,KOR,-0.017887700349092484
meat-chicken,LAO,-0.07316946983337402
meat-chicken,LBN,-0.018628591671586037
meat-chicken,LBR,-0.15680672228336334
meat-chicken,LBY,-0.03786873072385788
meat-chicken,LKA,0.00620616227388382
meat-chicken,LSO,-0.14100469648838043
meat-chicken,LTU,-0.02155420184135437
meat-chicken,LUX,-0.0
meat-chicken,LVA,-0.005359318573027849
meat-chicken,MAR,-0.0490703321993351
meat-chicken,MDA,-0.010235289111733437
meat-chicken,MDG,-0.11190769821405411
meat-chicken,MEX,-0.0003443366731517017
meat-chicken,MKD,0.00652401614934206
meat-chicken,MLI,-0.1486734300851822
meat-chicken,MLT,-0.007634454406797886
meat-chicken,MMR,-0.07252233475446701
meat-chicken,MNE,-0.008207910694181919
meat-chicken,MNG,-0.0
meat-chicken,MOZ,-0.1358109563589096
meat-chicken,MRT,-0.08604002743959427
meat-chicken,MUS,-0.06562749296426773
meat-chicken,MWI,-0.14277395606040955
meat-chicken,MYS,-0.017992248758673668
meat-chicken,NAM,-0.06908833980560303
meat-chicken,NER,-0.15670742094516754
meat-chicken,NGA,-0.09474172443151474
meat-chicken,NIC,-0.03937089070677757
meat-chicken,NLD,-0.03362877666950226
meat-chicken,NOR,-0.030922574922442436
meat-chicken,NPL,-0.057383012026548386
meat-chicken,NZL,-0.016678040847182274
meat-chicken,OMN,-0.10084158182144165
meat-chicken,PAK,0.0034706820733845234
meat-chicken,PAN,-0.015596829354763031
meat-chicken,PER,-0.028518475592136383
meat-chicken,PHL,-0.02798771671950817
meat-chicken,PNG,-0.03803965821862221
meat-chicken,POL,-0.027430566027760506
meat-chicken,PRI,-0.03268888592720032
meat-chicken,PRT,-0.00232175225391984
meat-chicken,PRY,0.002812190679833293
meat-chicken,PSE,-0.028784990310668945
meat-chicken,ROU,-0.0
meat-chicken,RUS,0.030453700572252274
meat-chicken,RWA,-0.14049960672855377
meat-chicken,SAU,0.002225263509899378
meat-chicken,SDN,-0.07173023372888565
meat-chicken,SEN,-0.10169295221567154
meat-chicken,SLB,-0.08725699782371521
meat-chicken,SLE,-0.15476460754871368
meat-chicken,SLV,-0.01816682517528534
meat-chicken,SOM,-0.1585603952407837
meat-chicken,SRB,-0.006938702892512083
meat-chicken,SSD,-0.05408967286348343
meat-chicken,STP,-0.0924527645111084
meat-chicken,SUR,-0.004131740890443325
meat-chicken,SVK,-0.0
meat-chicken,SVN,-0.025135232135653496
meat-chicken,SWE,-0.019152672961354256
meat-chicken,SWZ,-0.0656978115439415
meat-chicken,SYR,0.010402904823422432
meat-chicken,TCD,-0.14011244475841522
meat-chicken,TGO,-0.09884914010763168
meat-chicken,THA,0.018669534474611282
meat-chicken,TJK,-0.08923861384391785
meat-chicken,TKM,0.01964014396071434
meat-chicken,TLS,-0.0700102150440216
meat-chicken,TTO,-0.014481420628726482
meat-chicken,TUN,-0.03898825868964195
meat-chicken,TUR,0.01638804003596306
meat-chicken,TWN,-0.010949060320854187
meat-chicken,TZA,-0.15231937170028687
meat-chicken,UGA,-0.14414529502391815
meat-chicken,UKR,-0.023501304909586906
meat-chicken,URY,-0.0011695513967424631
meat-chicken,USA,-0.0103166988119483
meat-chicken,UZB,-0.015505928546190262
meat-chicken,VEN,-0.011612760834395885
meat-chicken,VNM,-0.022373422980308533
meat-chicken,VUT,-0.06162003427743912
meat-chicken,YEM,-0.01797683909535408
meat-chicken,ZAF,-0.06939315795898438
meat-chicken,ZMB,-0.10690368711948395
meat-chicken,ZWE,-0.15793776512145996
meat-pig,AFG,-0.0
meat-pig,AGO,-0.04512062296271324
meat-pig,ALB,-0.02501300908625126
meat-pig,ARE,-0.0
meat-pig,ARG,-0.025848472490906715
meat-pig,ARM,-0.0009737981599755585
meat-pig,ASM,-0.0
meat-pig,ATG,-0.04302869364619255
meat-pig,AUS,0.09277931600809097
meat-pig,AUT,-0.02222115360200405
meat-pig,AZE,0.011127546429634094
meat-pig,BDI,-0.09394636005163193
meat-pig,BEL,-0.04949388653039932
meat-pig,BEN,-0.07812725752592087
meat-pig,BFA,-0.08105997741222382
meat-pig,BGD,-0.0
meat-pig,BGR,-0.012664644978940487
meat-pig,BHS,-0.018433155491948128
meat-pig,BIH,-0.030551591888070107
meat-pig,BLR,-0.04547350853681564
meat-pig,BLZ,-0.028842534869909286
meat-pig,BOL,-0.029466690495610237
meat-pig,BRA,-0.0137129295617342
meat-pig,BRB,-0.04211457073688507
meat-pig,BRN,0.03578869253396988
meat-pig,BTN,0.006002112291753292
meat-pig,BWA,-0.07830961793661118
meat-pig,CAF,-0.10541520267724991
meat-pig,CAN,-0.0
meat-pig,CHE,-0.04238719120621681
meat-pig,CHL,-0.03319494053721428
meat-pig,CHN,-0.009992439299821854
meat-pig,CIV,-0.05929064750671387
meat-pig,CMR,-0.04960907623171806
meat-pig,COD,-0.09381433576345444
meat-pig,COG,-0.0807744562625885
meat-pig,COL,-0.05241340398788452
meat-pig,COM,-0.0
meat-pig,CPV,-0.11871366202831268
meat-pig,CRI,-0.051234692335128784
meat-pig,CUB,-0.03143209591507912
meat-pig,CYP,0.002775115892291069
meat-pig,CZE,-0.019958849996328354
meat-pig,DEU,-0.026723310351371765
meat-pig,DJI,-0.0
meat-pig,DNK,-0.023160096257925034
meat-pig,DOM,-0.028511766344308853
meat-pig,DZA,-0.033555854111909866
meat-pig,ECU,-0.049025870859622955
meat-pig,EGY,-0.026581600308418274
meat-pig,ERI,-0.0
meat-pig,ESP,-0.03364032134413719
meat-pig,EST,-0.009899627417325974
meat-pig,ETH,-0.08168642967939377
meat-pig,FIN,-0.03877207264304161
meat-pig,FJI,0.09389251470565796
meat-pig,FRA,-0.02854802832007408
meat-pig,GAB,-0.010668108239769936
meat-pig,GBR,-0.03444300591945648
meat-pig,GEO,0.010516183450818062
meat-pig,GHA,-0.040119048207998276
meat-pig,GIN,-0.09180022776126862
meat-pig,GMB,-0.08458422124385834
meat-pig,GNB,-0.098756343126297
meat-pig,GNQ,-0.00191205320879817
meat-pig,GRC,-0.011959544382989407
meat-pig,GRD,-0.06505559384822845
meat-pig,GTM,-0.043963897973299026
meat-pig,GUF,-0.0
meat-pig,GUY,-0.025633223354816437
meat-pig,HND,-0.041752543300390244
meat-pig,HRV,-0.03524681180715561
meat-pig,HTI,-0.08316066861152649
meat-pig,HUN,-0.022088827565312386
meat-pig,IDN,0.022033559158444405
meat-pig,IND,-0.029717212542891502
meat-pig,IRL,-0.05195416882634163
meat-pig,IRN,-0.0
meat-pig,IRQ,-0.0
meat-pig,ISL,-0.028972728177905083
meat-pig,ISR,-0.003373071551322937
meat-pig,ITA,-0.03669707104563713
meat-pig,JAM,-0.0531819686293602
meat-pig,JOR,-0.0
meat-pig,JPN,0.024494104087352753
meat-pig,KAZ,0.043554287403821945
meat-pig,KEN,-0.07068701088428497
meat-pig,KGZ,-0.014578661881387234
meat-pig,KHM,-0.021263625472784042
meat-pig,KOR,-0.00608758395537734
meat-pig,LAO,-0.060898225754499435
meat-pig,LBN,-0.008215346373617649
meat-pig,LBR,-0.09398166835308075
meat-pig,LBY,-0.0
meat-pig,LKA,-0.01785934716463089
meat-pig,LSO,-0.07978200912475586
meat-pig,LTU,-0.018606720492243767
meat-pig,LUX,-0.0392598919570446
meat-pig,LVA,-0.015236378647387028
meat-pig,MAR,-0.059691935777664185
meat-pig,MDA,-0.022014012560248375
meat-pig,MDG,-0.08093180507421494
meat-pig,MEX,-0.021172596141695976
meat-pig,MKD,-0.03334081172943115
meat-pig,MLI,-0.07705565541982651
meat-pig,MLT,-0.01881188340485096
meat-pig,MMR,-0.028686458244919777
meat-pig,MNE,-0.039876315742731094
meat-pig,MNG,0.004880202934145927
meat-pig,MOZ,-0.10814793407917023
meat-pig,MRT,-0.0
meat-pig,MUS,-0.03232494741678238
meat-pig,MWI,-0.10698915272951126
meat-pig,MYS,-0.005037924274802208
meat-pig,NAM,-0.052879124879837036
meat-pig,NER,-0.07678478956222534
meat-pig,NGA,-0.0721597671508789
meat-pig,NIC,-0.07995152473449707
meat-pig,NLD,-0.04711886867880821
meat-pig,NOR,-0.034914661198854446
meat-pig,NPL,-0.052197422832250595
meat-pig,NZL,0.05880817025899887
meat-pig,OMN,-0.0
meat-pig,PAK,-0.0
meat-pig,PAN,-0.02471286989748478
meat-pig,PER,-0.050231147557497025
meat-pig,PHL,-0.016548847779631615
meat-pig,PNG,0.0092667480930686
meat-pig,POL,-0.02964465133845806
meat-pig,PRI,-0.04323767125606537
meat-pig,PRT,-0.016820017248392105
meat-pig,PRY,-0.017530974000692368
meat-pig,PSE,-0.0
meat-pig,ROU,-0.02080303244292736
meat-pig,RUS,0.031640198081731796
meat-pig,RWA,-0.09313397109508514
meat-pig,SAU,-0.0
meat-pig,SDN,-0.0
meat-pig,SEN,-0.07654987275600433
meat-pig,SLB,0.00026606774190440774
meat-pig,SLE,-0.10016699135303497
meat-pig,SLV,-0.051002614200115204
meat-pig,SOM,-0.1037180945277214
meat-pig,SRB,-0.029343286529183388
meat-pig,SSD,-0.0
meat-pig,STP,-0.12053262442350388
meat-pig,SUR,-0.02449769526720047
meat-pig,SVK,-0.018066992983222008
meat-pig,SVN,-0.04370792955160141
meat-pig,SWE,-0.016763810068368912
meat-pig,SWZ,-0.051245830953121185
meat-pig,SYR,-0.0
meat-pig,TCD,-0.10212339460849762
meat-pig,TGO,-0.08865682035684586
meat-pig,THA,0.03045985847711563
meat-pig,TJK,-0.04578967019915581
meat-pig,TKM,0.0016916703898459673
meat-pig,TLS,-0.0035911398008465767
meat-pig,TTO,-0.02579120546579361
meat-pig,TUN,-0.03829503431916237
meat-pig,TUR,-0.0
meat-pig,TWN,0.00926968827843666
meat-pig,TZA,-0.10556536912918091
meat-pig,UGA,-0.09015605598688126
meat-pig,UKR,-0.016615843400359154
meat-pig,URY,-0.018155110999941826
meat-pig,USA,-0.01755553111433983
meat-pig,UZB,-0.0427122488617897
meat-pig,VEN,-0.026135411113500595
meat-pig,VNM,-0.009824078530073166
meat-pig,VUT,6.0410999140003696e-05
meat-pig,YEM,-0.0
meat-pig,ZAF,-0.035411689430475235
meat-pig,ZMB,-0.0853801742196083
meat-pig,ZWE,-0.08410775661468506
meat-sheep,AFG,-0.11923009157180786
meat-sheep,AGO,-0.0679439976811409
meat-sheep,ALB,-0.07408542931079865
meat-sheep,ARE,-0.07790136709809303
meat-sheep,ARG,-0.0011336719617247581
meat-sheep,ARM,-0.0982152670621872
meat-sheep,ASM,-0.0
meat-sheep,ATG,-0.08342882990837097
meat-sheep,AUS,-0.031257327646017075
meat-sheep,AUT,0.08322284370660782
meat-sheep,AZE,-0.09018125012516975
meat-sheep,BDI,-0.11028235778212547
meat-sheep,BEL,0.05085039138793945
meat-sheep,BEN,-0.08549439907073975
meat-sheep,BFA,-0.09400174021720886
meat-sheep,BGD,-0.1354241967201233
meat-sheep,BGR,-0.05124634690582752
meat-sheep,BHS,-0.001033772830851376
meat-sheep,BIH,0.07003802061080933
meat-sheep,BLR,-0.00656961218919605
meat-sheep,BLZ,0.019650271395221353
meat-sheep,BOL,-0.06711273640394211
meat-sheep,BRA,-0.035596538335084915
meat-sheep,BRB,-0.22928948141634464
meat-sheep,BRN,-0.08873981609940529
meat-sheep,BTN,-0.1692829132080078
meat-sheep,BWA,-0.1760297641158104
meat-sheep,CAF,-0.08868750184774399
meat-sheep,CAN,0.011874653398990631
meat-sheep,CHE,0.05584824085235596
meat-sheep,CHL,-0.04257509484887123
meat-sheep,CHN,-0.04948360379785299
meat-sheep,CIV,-0.10241904109716415
meat-sheep,CMR,-0.1037122793495655
meat-sheep,COD,-0.11316085606813431
meat-sheep,COG,-0.11922552436590195
meat-sheep,COL,-0.08512595295906067
meat-sheep,COM,-0.13119186460971832
meat-sheep,CPV,-0.07222003489732742
meat-sheep,CRI,-0.034882836043834686
meat-sheep,CUB,-0.030373765155673027
meat-sheep,CYP,-0.10807780176401138
meat-sheep,CZE,0.05088732857257128
meat-sheep,DEU,0.06189500726759434
meat-sheep,DJI,-0.015854034572839737
meat-sheep,DNK,0.09735548123717308
meat-sheep,DOM,-0.05508619733154774
meat-sheep,DZA,-0.04340415820479393
meat-sheep,ECU,-0.08006365969777107
meat-sheep,EGY,-0.08182379603385925
meat-sheep,ERI,-0.06785040721297264
meat-sheep,ESP,0.007625793106853962
meat-sheep,EST,0.052715156227350235
meat-sheep,ETH,-0.1164354756474495
meat-sheep,FIN,0.07306105457246304
meat-sheep,FJI,-0.04739202931523323
meat-sheep,FRA,0.06839993223547935
meat-sheep,GAB,-0.044912195298820734
meat-sheep,GBR,0.04996011592447758
meat-sheep,GEO,-0.09636715054512024
meat-sheep,GHA,-0.040166500955820084
meat-sheep,GIN,-0.035665061324834824
meat-sheep,GMB,-0.11389876529574394
meat-sheep,GNB,-0.08126353099942207
meat-sheep,GNQ,-0.0025057168677449226
meat-sheep,GRC,-0.02976401848718524
meat-sheep,GRD,-0.008638465777039528
meat-sheep,GTM,-0.0035756397992372513
meat-sheep,GUF,-0.0
meat-sheep,GUY,-0.03380091302096844
meat-sheep,HND,-0.0
meat-sheep,HRV,0.06451828591525555
meat-sheep,HTI,-0.0
meat-sheep,HUN,0.04541428107768297
meat-sheep,IDN,-0.08735397830605507
meat-sheep,IND,-0.13660317659378052
meat-sheep,IRL,0.02215822972357273
meat-sheep,IRN,-0.07842595688998699
meat-sheep,IRQ,-0.08374092727899551
meat-sheep,ISL,0.010757905431091785
meat-sheep,ISR,-0.23984692618250847
meat-sheep,ITA,-0.05270451307296753
meat-sheep,JAM,-0.11827735602855682
meat-sheep,JOR,-0.14709056913852692
meat-sheep,JPN,-0.13916439563035965
meat-sheep,KAZ,-0.13515587896108627
meat-sheep,KEN,-0.07096408307552338
meat-sheep,KGZ,-0.037254597700666636
meat-sheep,KHM,-0.0
meat-sheep,KOR,-0.09067032113671303
meat-sheep,LAO,-0.09737034514546394
meat-sheep,LBN,-0.11168809607625008
meat-sheep,LBR,-0.0502510666847229
meat-sheep,LBY,-0.04219618812203407
meat-sheep,LKA,-0.10426172241568565
meat-sheep,LSO,-0.14222176745533943
meat-sheep,LTU,0.05388825945556164
meat-sheep,LUX,0.02020122203975916
meat-sheep,LVA,0.03472056007012725
meat-sheep,MAR,-0.07827947661280632
meat-sheep,MDA,-0.08788491040468216
meat-sheep,MDG,-0.13100126758217812
meat-sheep,MEX,-0.0
meat-sheep,MKD,-0.0403794776648283
meat-sheep,MLI,-0.06458286428824067
meat-sheep,MLT,-0.2727340217679739
meat-sheep,MMR,-0.12785648182034492
meat-sheep,MNE,-0.10009047202765942
meat-sheep,MNG,-0.02277572639286518
meat-sheep,MOZ,-0.11693432927131653
meat-sheep,MRT,-0.07135117799043655
meat-sheep,MUS,-0.06630986649543047
meat-sheep,MWI,-0.06980377435684204
meat-sheep,MYS,-0.11876681447029114
meat-sheep,NAM,-0.10999505966901779
meat-sheep,NER,-0.09982205554842949
meat-sheep,NGA,-0.04907635599374771
meat-sheep,NIC,-0.0
meat-sheep,NLD,-0.05296659970190376
meat-sheep,NOR,0.022130884462967515
meat-sheep,NPL,-0.08829283714294434
meat-sheep,NZL,-0.0
meat-sheep,OMN,-0.13451853394508362
meat-sheep,PAK,-0.09296074323356152
meat-sheep,PAN,-0.0
meat-sheep,PER,-0.05530242808163166
meat-sheep,PHL,-0.1100807636976242
meat-sheep,PNG,-0.03370542824268341
meat-sheep,POL,-0.020023409742861986
meat-sheep,PRI,-0.01051483117043972
meat-sheep,PRT,0.05949300806969404
meat-sheep,PRY,-0.009940805030055344
meat-sheep,PSE,-0.08538206294178963
meat-sheep,ROU,-0.04735361598432064
meat-sheep,RUS,-0.01707280072150752
meat-sheep,RWA,-0.11024050042033195
meat-sheep,SAU,-0.101778045296669
meat-sheep,SDN,-0.08503719791769981
meat-sheep,SEN,-0.10953262075781822
meat-sheep,SLB,-0.0
meat-sheep,SLE,-0.10535513609647751
meat-sheep,SLV,-0.053304096683859825
meat-sheep,SOM,-0.08115079626441002
meat-sheep,SRB,0.07432524114847183
meat-sheep,SSD,-0.06250460539013147
meat-sheep,STP,-0.012918364722281694
meat-sheep,SUR,-0.012233213521540165
meat-sheep,SVK,-0.01716447778744623
meat-sheep,SVN,0.06638031639158726
meat-sheep,SWE,0.07157809473574162
meat-sheep,SWZ,-0.07748000510036945
meat-sheep,SYR,-0.13206765800714493
meat-sheep,TCD,-0.08943183161318302
meat-sheep,TGO,-0.09361173585057259
meat-sheep,THA,-0.08318294957280159
meat-sheep,TJK,-0.10897107049822807
meat-sheep,TKM,-0.15593166649341583
meat-sheep,TLS,-0.037802004255354404
meat-sheep,TTO,0.005440737586468458
meat-sheep,TUN,-0.07886662892997265
meat-sheep,TUR,-0.08159522712230682
meat-sheep,TWN,-0.0
meat-sheep,TZA,-0.1277274712920189
meat-sheep,UGA,-0.125447116792202
meat-sheep,UKR,-0.00801339722238481
meat-sheep,URY,-0.025299393571913242
meat-sheep,USA,-0.0
meat-sheep,UZB,-0.10539974644780159
meat-sheep,VEN,-0.040142289362847805
meat-sheep,VNM,-0.11625975370407104
meat-sheep,VUT,-0.08387019112706184
meat-sheep,YEM,-0.07212707214057446
meat-sheep,ZAF,-0.0349787981249392
meat-sheep,ZMB,-0.0713496245443821
meat-sheep,ZWE,-0.3634076565504074
