combination,country,correction_bnusd_per_mha
cotton_wheat,AFG,-1.613124966621399
cotton_wheat,AGO,-1.967441201210022
cotton_wheat,ALB,7.5
cotton_wheat,ARG,7.5
cotton_wheat,ARM,7.5
cotton_wheat,AUS,-6.151839017868042
cotton_wheat,AZE,7.5
cotton_wheat,BDI,-1.0024206638336182
cotton_wheat,BGD,-1.8735034465789795
cotton_wheat,BGR,7.5
cotton_wheat,BOL,7.5
cotton_wheat,BRA,-2.8415961265563965
cotton_wheat,BWA,-1.3980988264083862
cotton_wheat,CHN,-6.799771785736084
cotton_wheat,COD,-1.9477050304412842
cotton_wheat,DZA,7.5
cotton_wheat,EGY,-2.6183974742889404
cotton_wheat,ESP,-1.880073368549347
cotton_wheat,ETH,-3.0439621210098267
cotton_wheat,GEO,7.5
cotton_wheat,GRC,-1.973396897315979
cotton_wheat,HND,-2.0269126892089844
cotton_wheat,IND,-1.7457172870635986
cotton_wheat,IRN,-3.44893217086792
cotton_wheat,IRQ,-1.8892395496368408
cotton_wheat,ISR,-0.5868830680847168
cotton_wheat,JOR,-2.2732980251312256
cotton_wheat,KAZ,-1.1487945318222046
cotton_wheat,KEN,-0.7887455523014069
cotton_wheat,KGZ,-1.478114128112793
cotton_wheat,KOR,7.5
cotton_wheat,LBN,7.5
cotton_wheat,LSO,3.270885705947876
cotton_wheat,MAR,-3.0191835165023804
cotton_wheat,MDG,-1.7534040212631226
cotton_wheat,MEX,-3.9722511768341064
cotton_wheat,MKD,-1.3595017194747925
cotton_wheat,MMR,7.5
cotton_wheat,MOZ,-1.4462551474571228
cotton_wheat,MWI,2.77804958820343
cotton_wheat,NAM,-2.6006252765655518
cotton_wheat,NER,-0.8738332390785217
cotton_wheat,NGA,-2.0435845851898193
cotton_wheat,NPL,7.5
cotton_wheat,OMN,-0.0
cotton_wheat,PAK,-1.6947044134140015
cotton_wheat,PRT,7.5
cotton_wheat,PRY,-0.8215994536876678
cotton_wheat,PSE,-2.596451997756958
cotton_wheat,ROU,-0.0
cotton_wheat,RUS,7.5
cotton_wheat,RWA,-1.6185062527656555
cotton_wheat,SDN,-1.781191110610962
cotton_wheat,SOM,2.72523033618927
cotton_wheat,SWZ,-1.8021567463874817
cotton_wheat,SYR,-2.7433836460113525
cotton_wheat,TJK,-4.017940998077393
cotton_wheat,TKM,-1.6875418424606323
cotton_wheat,TUN,7.5
cotton_wheat,TUR,-1.7358379364013672
cotton_wheat,TZA,-1.5191485285758972
cotton_wheat,UGA,-1.7997949719429016
cotton_wheat,URY,7.5
cotton_wheat,USA,-1.6363146305084229
cotton_wheat,UZB,-2.795562744140625
cotton_wheat,YEM,-2.388242721557617
cotton_wheat,ZAF,-3.199768304824829
cotton_wheat,ZMB,7.5
cotton_wheat,ZWE,3.7278475761413574
double_rice,AFG,7.5
double_rice,AGO,7.5
double_rice,ALB,-0.0
double_rice,ARG,7.5
double_rice,AUS,7.5
double_rice,AZE,7.5
double_rice,BDI,3.457689940929413
double_rice,BEN,-2.654451608657837
double_rice,BFA,-2.286068558692932
double_rice,BGD,-0.9284213483333588
double_rice,BLZ,2.1147708892822266
double_rice,BOL,7.5
double_rice,BRA,7.5
double_rice,BRN,-2.9582059383392334
double_rice,BTN,7.5
double_rice,BWA,-0.0
double_rice,CAF,7.5
double_rice,CHL,7.5
double_rice,CHN,-3.838492512702942
double_rice,CIV,7.5
double_rice,CMR,-2.428388833999634
double_rice,COD,7.5
double_rice,COG,7.5
double_rice,COL,-2.8861072063446045
double_rice,CRI,-1.988244354724884
double_rice,CUB,7.5
double_rice,DOM,2.005199432373047
double_rice,DZA,7.5
double_rice,ECU,-1.4403660893440247
double_rice,EGY,7.5
double_rice,ERI,7.5
double_rice,ESP,7.5
double_rice,ETH,7.5
double_rice,FJI,7.5
double_rice,FRA,7.5
double_rice,GAB,7.5
double_rice,GEO,7.5
double_rice,GHA,-0.8637625873088837
double_rice,GIN,-1.1211469173431396
double_rice,GMB,-0.12725235521793365
double_rice,GNB,-2.6224679946899414
double_rice,GNQ,7.5
double_rice,GRC,7.5
double_rice,GTM,2.2799984216690063
double_rice,GUF,7.5
double_rice,GUY,7.5
double_rice,HND,7.5
double_rice,HTI,2.365760564804077
double_rice,IDN,-2.8262991905212402
double_rice,IND,-2.1188665628433228
double_rice,IRN,7.5
double_rice,IRQ,7.5
double_rice,ITA,7.5
double_rice,JPN,-7.464237213134766
double_rice,KEN,7.5
double_rice,KHM,-2.6476649045944214
double_rice,KOR,0.0
double_rice,LAO,-2.679863214492798
double_rice,LBR,7.5
double_rice,LKA,3.2719879150390625
double_rice,LSO,-0.0
double_rice,MAR,7.5
double_rice,MDG,3.551405146718025
double_rice,MEX,7.5
double_rice,MKD,7.5
double_rice,MLI,-0.2134951576590538
double_rice,MMR,-2.81764018535614
double_rice,MOZ,7.5
double_rice,MRT,-2.0080981254577637
double_rice,MUS,7.5
double_rice,MWI,-1.983134150505066
double_rice,MYS,-0.9997842311859131
double_rice,NAM,7.5
double_rice,NER,7.5
double_rice,NGA,-0.5443001091480255
double_rice,NIC,-0.5204957723617554
double_rice,NPL,3.46849524974823
double_rice,PAK,7.5
double_rice,PAN,-2.2657395601272583
double_rice,PER,7.5
double_rice,PHL,-1.7355243563652039
double_rice,PNG,7.5
double_rice,PRI,7.5
double_rice,PRT,7.5
double_rice,PRY,7.5
double_rice,RWA,-3.500059127807617
double_rice,SAU,7.5
double_rice,SDN,7.5
double_rice,SEN,0.09782712534070015
double_rice,SLB,7.5
double_rice,SLE,3.576441064476967
double_rice,SLV,7.5
double_rice,SOM,7.5
double_rice,SSD,7.5
double_rice,SUR,7.5
double_rice,SWZ,7.5
double_rice,SYR,7.5
double_rice,TCD,-1.419850468635559
double_rice,TGO,-0.3045107126235962
double_rice,THA,-1.032528281211853
double_rice,TJK,7.5
double_rice,TKM,7.5
double_rice,TLS,7.5
double_rice,TTO,7.5
double_rice,TUN,-0.0
double_rice,TUR,7.5
double_rice,TWN,-1.9759356379508972
double_rice,TZA,7.5
double_rice,UGA,7.5
double_rice,URY,7.5
double_rice,USA,7.5
double_rice,UZB,7.5
double_rice,VEN,7.5
double_rice,VNM,-2.1380293369293213
double_rice,YEM,-0.0
double_rice,ZAF,7.5
double_rice,ZMB,7.5
double_rice,ZWE,7.5
maize_soybean,AFG,-0.04400162771344185
maize_soybean,AGO,-1.4586673378944397
maize_soybean,ALB,7.5
maize_soybean,ARG,0.09506569802761078
maize_soybean,ARM,7.5
maize_soybean,AUS,1.7093596458435059
maize_soybean,AUT,4.6826372146606445
maize_soybean,AZE,1.286660075187683
maize_soybean,BDI,-1.0856126546859741
maize_soybean,BEL,7.5
maize_soybean,BEN,-0.7849142849445343
maize_soybean,BFA,-0.6022078692913055
maize_soybean,BGD,7.5
maize_soybean,BGR,7.5
maize_soybean,BIH,7.5
maize_soybean,BLZ,-1.4652942419052124
maize_soybean,BOL,3.6842967718839645
maize_soybean,BRA,-0.1305854469537735
maize_soybean,BTN,4.0743469297885895
maize_soybean,BWA,0.18061649799346924
maize_soybean,CAF,-7.5
maize_soybean,CAN,-0.46304887533187866
maize_soybean,CHE,7.5
maize_soybean,CHN,-1.7206169366836548
maize_soybean,CIV,-0.9520436823368073
maize_soybean,CMR,-1.0513558685779572
maize_soybean,COD,-1.626919150352478
maize_soybean,COG,-1.5216751098632812
maize_soybean,COL,-0.3907410055398941
maize_soybean,CRI,-0.9046525955200195
maize_soybean,CUB,7.5
maize_soybean,CZE,7.5
maize_soybean,DEU,7.5
maize_soybean,DZA,-0.0
maize_soybean,ECU,-0.8355438709259033
maize_soybean,EGY,-1.57970130443573
maize_soybean,ESP,-0.9700008034706116
maize_soybean,ETH,-0.059059761464595795
maize_soybean,FRA,7.5
maize_soybean,GAB,-1.27034991979599
maize_soybean,GEO,0.26068541407585144
maize_soybean,GHA,-0.8035251200199127
maize_soybean,GIN,7.5
maize_soybean,GRC,3.1128212809562683
maize_soybean,GTM,-0.4770197868347168
maize_soybean,HND,-0.2929338216781616
maize_soybean,HRV,7.5
maize_soybean,HUN,0.5135631188750267
maize_soybean,IDN,0.11227299273014069
maize_soybean,IND,-0.9373786449432373
maize_soybean,IRN,-0.9397258162498474
maize_soybean,IRQ,-0.6360609172843397
maize_soybean,ISR,7.5
maize_soybean,ITA,7.5
maize_soybean,JOR,-0.0
maize_soybean,KAZ,7.5
maize_soybean,KEN,-0.44535210728645325
maize_soybean,KGZ,-0.3634719252586365
maize_soybean,KHM,-0.7084541320800781
maize_soybean,KOR,-0.4494865834712982
maize_soybean,LAO,-0.108073391020298
maize_soybean,LBN,7.5
maize_soybean,LKA,-0.906010627746582
maize_soybean,LSO,7.5
maize_soybean,LUX,7.5
maize_soybean,MAR,7.5
maize_soybean,MDA,7.5
maize_soybean,MEX,-0.10166547447443008
maize_soybean,MKD,7.5
maize_soybean,MLI,-0.8111363053321838
maize_soybean,MMR,-1.0743500590324402
maize_soybean,MNE,7.5
maize_soybean,MOZ,3.9430898278951645
maize_soybean,MWI,3.5966230630874634
maize_soybean,NGA,-0.7615036368370056
maize_soybean,NIC,-0.4664938747882843
maize_soybean,NLD,7.5
maize_soybean,NPL,3.5568974316120148
maize_soybean,PAK,-0.8698363900184631
maize_soybean,PER,7.5
maize_soybean,POL,7.5
maize_soybean,PRT,7.5
maize_soybean,PRY,-0.43332186341285706
maize_soybean,ROU,4.19100821018219
maize_soybean,RUS,7.5
maize_soybean,RWA,-0.36105765402317047
maize_soybean,SDN,-0.35081946849823
maize_soybean,SLV,-0.8419110178947449
maize_soybean,SRB,7.5
maize_soybean,SSD,7.5
maize_soybean,SVK,7.5
maize_soybean,SVN,7.5
maize_soybean,SWZ,-0.7771897315979004
maize_soybean,SYR,7.5
maize_soybean,TCD,3.5865240395069122
maize_soybean,TGO,-0.37815240025520325
maize_soybean,THA,-0.5133647322654724
maize_soybean,TJK,7.5
maize_soybean,TKM,7.5
maize_soybean,TLS,4.106139302253723
maize_soybean,TUR,7.5
maize_soybean,TWN,-0.0
maize_soybean,TZA,-0.3481212705373764
maize_soybean,UGA,-1.4121853113174438
maize_soybean,UKR,7.5
maize_soybean,URY,-0.026094406843185425
maize_soybean,USA,-0.7567887306213379
maize_soybean,UZB,7.5
maize_soybean,VEN,-0.8854790031909943
maize_soybean,VNM,-0.3781941831111908
maize_soybean,ZAF,-0.23036261647939682
maize_soybean,ZMB,-0.5665774047374725
maize_soybean,ZWE,1.0445047616958618
rice_maize,AFG,-1.7612311840057373
rice_maize,AGO,-2.391422986984253
rice_maize,ALB,-0.0
rice_maize,ARG,7.5
rice_maize,ARM,-0.0
rice_maize,AUS,-1.895481824874878
rice_maize,AZE,-2.9111733436584473
rice_maize,BDI,-0.739297091960907
rice_maize,BEN,-1.654967188835144
rice_maize,BGD,-0.5939416289329529
rice_maize,BGR,7.5
rice_maize,BLZ,-2.683790922164917
rice_maize,BOL,7.5
rice_maize,BRA,-0.42088496685028076
rice_maize,BTN,-0.6717264652252197
rice_maize,BWA,-0.0
rice_maize,CAF,-2.4026224613189697
rice_maize,CAN,-0.0
rice_maize,CHL,-1.9755549430847168
rice_maize,CHN,-3.3502438068389893
rice_maize,CIV,-0.9736503958702087
rice_maize,CMR,7.5
rice_maize,COD,-2.5215160846710205
rice_maize,COL,-2.1165847778320312
rice_maize,COM,-2.4128477573394775
rice_maize,CUB,7.5
rice_maize,DOM,2.276275873184204
rice_maize,DZA,7.5
rice_maize,ECU,-0.912381649017334
rice_maize,EGY,-2.7287893295288086
rice_maize,ERI,7.5
rice_maize,ESP,-3.61855149269104
rice_maize,ETH,7.5
rice_maize,FRA,7.5
rice_maize,GEO,7.5
rice_maize,GHA,-1.0406630039215088
rice_maize,GIN,-0.7359979748725891
rice_maize,GNB,-1.7585076093673706
rice_maize,GRC,-2.2357144355773926
rice_maize,GTM,-2.281901240348816
rice_maize,HND,-1.8415104150772095
rice_maize,HTI,-2.315851092338562
rice_maize,HUN,7.5
rice_maize,IDN,-0.0
rice_maize,IND,-1.797371506690979
rice_maize,IRN,-5.533003091812134
rice_maize,IRQ,-2.4512051343917847
rice_maize,ITA,-3.456688165664673
rice_maize,KAZ,-0.0460036676377058
rice_maize,KEN,-1.3696151971817017
rice_maize,KGZ,-3.5197880268096924
rice_maize,KOR,-6.925231218338013
rice_maize,LAO,-1.7182810306549072
rice_maize,LKA,-1.3281253576278687
rice_maize,LSO,-0.0
rice_maize,MAR,2.587197422981262
rice_maize,MDA,7.5
rice_maize,MDG,-1.2854368686676025
rice_maize,MEX,-0.8802247643470764
rice_maize,MKD,7.5
rice_maize,MLI,-0.6381320357322693
rice_maize,MMR,-1.8376070261001587
rice_maize,MOZ,-0.5490344762802124
rice_maize,MUS,7.5
rice_maize,MWI,-1.3250725269317627
rice_maize,NAM,7.5
rice_maize,NGA,-0.7492590546607971
rice_maize,NIC,-0.0
rice_maize,NPL,-0.6770013868808746
rice_maize,PAK,-2.0292766094207764
rice_maize,PER,-3.913395404815674
rice_maize,PHL,-1.185758650302887
rice_maize,PRI,7.5
rice_maize,PRT,2.9059571027755737
rice_maize,PRY,-1.1645232439041138
rice_maize,ROU,-1.4382482767105103
rice_maize,RUS,7.5
rice_maize,RWA,-2.1052024364471436
rice_maize,SAU,7.5
rice_maize,SDN,-2.53398597240448
rice_maize,SEN,7.5
rice_maize,SLE,7.5
rice_maize,SLV,-3.208055257797241
rice_maize,SOM,-0.7943862080574036
rice_maize,SSD,-2.373322010040283
rice_maize,SVK,-0.0
rice_maize,SVN,-0.0
rice_maize,SWZ,7.5
rice_maize,SYR,-1.9860529899597168
rice_maize,TCD,-0.8211153745651245
rice_maize,TGO,-0.4678821265697479
rice_maize,THA,-1.0011169016361237
rice_maize,TJK,-5.233214378356934
rice_maize,TKM,-1.3183168172836304
rice_maize,TLS,-1.619733214378357
rice_maize,TUN,-0.0
rice_maize,TUR,-3.7299160957336426
rice_maize,TZA,-0.2410535216331482
rice_maize,UGA,-2.310612678527832
rice_maize,UKR,7.5
rice_maize,URY,-1.1678839921951294
rice_maize,USA,-2.102957010269165
rice_maize,UZB,-6.058280944824219
rice_maize,VEN,-1.4906173348426819
rice_maize,VNM,-1.4008294343948364
rice_maize,YEM,-0.0
rice_maize,ZAF,-1.456390619277954
rice_maize,ZMB,-1.2757176160812378
rice_maize,ZWE,7.5
rice_wheat,AFG,-1.36625337600708
rice_wheat,AGO,7.5
rice_wheat,ALB,-0.0
rice_wheat,ARG,7.5
rice_wheat,ARM,-0.0
rice_wheat,AUS,-1.7297658920288086
rice_wheat,AZE,-2.7401392459869385
rice_wheat,BGD,-0.8487881422042847
rice_wheat,BGR,2.9040696024894714
rice_wheat,BOL,7.5
rice_wheat,BRA,7.5
rice_wheat,BTN,-0.23150453437119722
rice_wheat,BWA,-0.0
rice_wheat,CAN,-0.0
rice_wheat,CHL,-1.42368882894516
rice_wheat,CHN,-3.2957088947296143
rice_wheat,CMR,-1.7874256372451782
rice_wheat,COD,-2.261791229248047
rice_wheat,DZA,7.5
rice_wheat,ECU,-1.4251505136489868
rice_wheat,EGY,-2.42111873626709
rice_wheat,ESP,-2.280158758163452
rice_wheat,ETH,7.5
rice_wheat,FRA,7.5
rice_wheat,GEO,7.5
rice_wheat,GRC,-1.1247740983963013
rice_wheat,GTM,7.5
rice_wheat,HND,-2.0931620597839355
rice_wheat,HUN,7.5
rice_wheat,IND,-1.5747210383415222
rice_wheat,IRN,-4.449605464935303
rice_wheat,IRQ,-2.142758369445801
rice_wheat,ITA,-2.7275991439819336
rice_wheat,JPN,-0.960706353187561
rice_wheat,KAZ,-0.3956315815448761
rice_wheat,KGZ,-3.3019497394561768
rice_wheat,KOR,-6.736924171447754
rice_wheat,LAO,-0.0
rice_wheat,LSO,-0.0
rice_wheat,MAR,-2.4587796926498413
rice_wheat,MDA,7.5
rice_wheat,MDG,-0.9985558390617371
rice_wheat,MEX,7.5
rice_wheat,MKD,7.5
rice_wheat,MLI,-0.6048830151557922
rice_wheat,MMR,-1.9919997453689575
rice_wheat,MOZ,7.5
rice_wheat,MRT,7.5
rice_wheat,MWI,2.8583882451057434
rice_wheat,NAM,2.412266731262207
rice_wheat,NER,-1.3469935059547424
rice_wheat,NGA,-0.9414697289466858
rice_wheat,NPL,-0.7773520648479462
rice_wheat,PAK,-1.6992628574371338
rice_wheat,PRT,-1.3768412470817566
rice_wheat,PRY,-0.9741060435771942
rice_wheat,ROU,7.5
rice_wheat,RUS,7.5
rice_wheat,RWA,-2.2379305362701416
rice_wheat,SDN,-1.6519889831542969
rice_wheat,SOM,7.5
rice_wheat,SVK,-0.0
rice_wheat,SVN,-0.0
rice_wheat,SWZ,7.5
rice_wheat,SYR,-1.5650147199630737
rice_wheat,TCD,-1.1280630230903625
rice_wheat,THA,7.5
rice_wheat,TJK,-4.425961017608643
rice_wheat,TKM,-1.3714885115623474
rice_wheat,TUN,-0.0
rice_wheat,TUR,-3.1865994930267334
rice_wheat,TZA,-0.5094838738441467
rice_wheat,UGA,-2.058772087097168
rice_wheat,UKR,7.5
rice_wheat,URY,-0.8698312044143677
rice_wheat,USA,-1.6291799545288086
rice_wheat,UZB,-4.906164169311523
rice_wheat,VEN,7.5
rice_wheat,VNM,-1.5219956636428833
rice_wheat,ZAF,-1.59119713306427
rice_wheat,ZMB,-0.9899722933769226
rice_wheat,ZWE,7.5
triple_rice,AFG,7.5
triple_rice,AGO,7.5
triple_rice,ARG,7.5
triple_rice,AUS,7.5
triple_rice,BDI,7.5
triple_rice,BEN,7.5
triple_rice,BFA,7.5
triple_rice,BGD,-1.4900818467140198
triple_rice,BLZ,7.5
triple_rice,BOL,7.5
triple_rice,BRA,7.5
triple_rice,BRN,7.5
triple_rice,BTN,-2.8211127519607544
triple_rice,BWA,-0.0
triple_rice,CHN,7.5
triple_rice,CIV,7.5
triple_rice,CMR,7.5
triple_rice,COD,7.5
triple_rice,COG,7.5
triple_rice,COL,7.5
triple_rice,CRI,7.5
triple_rice,CUB,7.5
triple_rice,DOM,7.5
triple_rice,DZA,7.5
triple_rice,ECU,7.5
triple_rice,EGY,7.5
triple_rice,ERI,7.5
triple_rice,ESP,7.5
triple_rice,ETH,7.5
triple_rice,FJI,7.5
triple_rice,GAB,7.5
triple_rice,GHA,7.5
triple_rice,GIN,7.5
triple_rice,GMB,7.5
triple_rice,GNB,7.5
triple_rice,GNQ,7.5
triple_rice,GRC,7.5
triple_rice,GTM,1.5401175022125244
triple_rice,GUF,7.5
triple_rice,GUY,7.5
triple_rice,HND,7.5
triple_rice,HTI,7.5
triple_rice,IDN,7.5
triple_rice,IND,7.5
triple_rice,IRN,7.5
triple_rice,IRQ,7.5
triple_rice,ITA,7.5
triple_rice,KEN,7.5
triple_rice,KHM,-3.971497654914856
triple_rice,LAO,7.5
triple_rice,LBR,7.5
triple_rice,LKA,7.5
triple_rice,MAR,7.5
triple_rice,MDG,7.5
triple_rice,MEX,7.5
triple_rice,MLI,7.5
triple_rice,MMR,7.5
triple_rice,MOZ,7.5
triple_rice,MRT,7.5
triple_rice,MUS,7.5
triple_rice,MWI,7.5
triple_rice,MYS,7.5
triple_rice,NAM,7.5
triple_rice,NER,7.5
triple_rice,NGA,7.5
triple_rice,NIC,7.5
triple_rice,NPL,7.5
triple_rice,PAK,7.5
triple_rice,PAN,7.5
triple_rice,PER,7.5
triple_rice,PHL,7.5
triple_rice,PNG,7.5
triple_rice,PRI,7.5
triple_rice,PRY,7.5
triple_rice,RWA,7.5
triple_rice,SAU,7.5
triple_rice,SDN,7.5
triple_rice,SEN,7.5
triple_rice,SLB,-4.493433713912964
triple_rice,SLE,7.5
triple_rice,SLV,7.5
triple_rice,SOM,7.5
triple_rice,SSD,7.5
triple_rice,SUR,7.5
triple_rice,SWZ,7.5
triple_rice,TCD,7.5
triple_rice,TGO,7.5
triple_rice,THA,7.5
triple_rice,TLS,1.1776659488677979
triple_rice,TTO,7.5
triple_rice,TUR,7.5
triple_rice,TWN,7.5
triple_rice,TZA,7.5
triple_rice,UGA,7.5
triple_rice,URY,7.5
triple_rice,USA,7.5
triple_rice,VEN,7.5
triple_rice,VNM,2.318534731864929
triple_rice,YEM,-0.0
triple_rice,ZAF,7.5
triple_rice,ZMB,7.5
triple_rice,ZWE,7.5
wheat_maize,AFG,-1.0192327201366425
wheat_maize,AGO,-1.5843042731285095
wheat_maize,ALB,7.5
wheat_maize,ARE,7.5
wheat_maize,ARG,7.5
wheat_maize,ARM,-0.3102813959121704
wheat_maize,AUS,0.01694352552294731
wheat_maize,AUT,7.5
wheat_maize,AZE,-0.32723456621170044
wheat_maize,BDI,-1.153401792049408
wheat_maize,BEL,7.5
wheat_maize,BGD,-0.5959019064903259
wheat_maize,BGR,7.5
wheat_maize,BIH,7.5
wheat_maize,BOL,-0.5978642106056213
wheat_maize,BRA,-0.3885662853717804
wheat_maize,BTN,1.1018019318580627
wheat_maize,BWA,-0.2336793690919876
wheat_maize,CAN,7.5
wheat_maize,CHE,7.5
wheat_maize,CHL,-1.6744529604911804
wheat_maize,CHN,-2.7185128927230835
wheat_maize,CMR,-0.9545796513557434
wheat_maize,COD,-1.5740829706192017
wheat_maize,COL,-1.1784802079200745
wheat_maize,CZE,7.5
wheat_maize,DEU,7.5
wheat_maize,DZA,7.5
wheat_maize,ECU,-1.3210498094558716
wheat_maize,EGY,-2.2237067222595215
wheat_maize,ERI,-1.5175652503967285
wheat_maize,ESP,-0.6704811155796051
wheat_maize,ETH,-0.5842554569244385
wheat_maize,FRA,7.5
wheat_maize,GEO,-0.07005400955677032
wheat_maize,GRC,2.977361559867859
wheat_maize,GTM,3.2315215468406677
wheat_maize,HND,-1.2084702253341675
wheat_maize,HRV,7.5
wheat_maize,HUN,-0.3870267905294895
wheat_maize,IND,-0.9806768298149109
wheat_maize,IRN,-2.214697241783142
wheat_maize,IRQ,-1.432152509689331
wheat_maize,ISR,-6.778619289398193
wheat_maize,ITA,3.0523955821990967
wheat_maize,JOR,-0.9095083177089691
wheat_maize,KAZ,-0.04839060455560684
wheat_maize,KEN,-0.8595391511917114
wheat_maize,KGZ,-0.6094915866851807
wheat_maize,KOR,-0.4235304296016693
wheat_maize,LAO,-0.0
wheat_maize,LBN,-1.5948533415794373
wheat_maize,LBY,7.5
wheat_maize,LSO,-0.07953943964093924
wheat_maize,LUX,7.5
wheat_maize,MAR,-0.6427487134933472
wheat_maize,MDA,7.5
wheat_maize,MDG,-1.2553812265396118
wheat_maize,MEX,-1.35026353597641
wheat_maize,MKD,7.5
wheat_maize,MMR,-0.8249058127403259
wheat_maize,MNE,7.5
wheat_maize,MOZ,-0.33037760853767395
wheat_maize,MWI,3.349992334842682
wheat_maize,NAM,-1.579103410243988
wheat_maize,NIC,7.5
wheat_maize,NLD,7.5
wheat_maize,NPL,-0.6877874135971069
wheat_maize,NZL,-1.935607671737671
wheat_maize,OMN,-5.049324035644531
wheat_maize,PAK,-0.9708907902240753
wheat_maize,PER,-1.4832623600959778
wheat_maize,POL,7.5
wheat_maize,PRT,-0.5974171757698059
wheat_maize,PRY,-0.5223359763622284
wheat_maize,PSE,0.4805447906255722
wheat_maize,ROU,7.5
wheat_maize,RUS,7.5
wheat_maize,RWA,-0.6055448055267334
wheat_maize,SAU,-6.185091257095337
wheat_maize,SLV,-0.0
wheat_maize,SOM,-0.30969102680683136
wheat_maize,SRB,7.5
wheat_maize,SSD,7.5
wheat_maize,SVK,7.5
wheat_maize,SVN,7.5
wheat_maize,SWZ,-1.2845549583435059
wheat_maize,SYR,-1.5744909644126892
wheat_maize,THA,7.5
wheat_maize,TJK,-1.944539189338684
wheat_maize,TKM,-0.8660793304443359
wheat_maize,TUN,-0.0
wheat_maize,TUR,-0.47706279158592224
wheat_maize,TWN,-0.18248724937438965
wheat_maize,TZA,-0.37085679173469543
wheat_maize,UGA,-1.3176888227462769
wheat_maize,UKR,7.5
wheat_maize,URY,-0.6195745170116425
wheat_maize,USA,-1.0190239548683167
wheat_maize,UZB,-2.6017383337020874
wheat_maize,VEN,7.5
wheat_maize,VNM,-0.6098188757896423
wheat_maize,YEM,-1.7387548089027405
wheat_maize,ZAF,-0.4899768978357315
wheat_maize,ZMB,0.10961665958166122
wheat_maize,ZWE,7.5
wheat_soybean,AFG,0.36593085527420044
wheat_soybean,AGO,-1.2214562892913818
wheat_soybean,ALB,7.5
wheat_soybean,ARG,7.5
wheat_soybean,ARM,7.5
wheat_soybean,AUS,1.2934107780456543
wheat_soybean,AUT,4.2692179679870605
wheat_soybean,AZE,1.451924443244934
wheat_soybean,BDI,-1.5017787218093872
wheat_soybean,BEL,7.5
wheat_soybean,BGD,3.5680642277002335
wheat_soybean,BGR,7.5
wheat_soybean,BIH,7.5
wheat_soybean,BOL,7.5
wheat_soybean,BRA,-0.06487403437495232
wheat_soybean,BTN,7.5
wheat_soybean,BWA,7.5
wheat_soybean,CAN,7.5
wheat_soybean,CHE,7.5
wheat_soybean,CHN,-1.580820083618164
wheat_soybean,CMR,-0.5774068236351013
wheat_soybean,COD,-1.3166909217834473
wheat_soybean,CZE,7.5
wheat_soybean,DEU,7.5
wheat_soybean,DZA,-0.0
wheat_soybean,ECU,-0.6097509562969208
wheat_soybean,EGY,-1.4421398639678955
wheat_soybean,ESP,0.26711639761924744
wheat_soybean,ETH,-0.8232505321502686
wheat_soybean,FRA,7.5
wheat_soybean,GEO,0.2419726401567459
wheat_soybean,GRC,3.6427652910351753
wheat_soybean,GTM,3.901391163468361
wheat_soybean,HND,-0.6569285541772842
wheat_soybean,HRV,7.5
wheat_soybean,HUN,0.3893916681408882
wheat_soybean,IND,-0.739507794380188
wheat_soybean,IRN,-0.19709143042564392
wheat_soybean,IRQ,-0.43313153833150864
wheat_soybean,ISR,7.5
wheat_soybean,ITA,7.5
wheat_soybean,JOR,-0.0
wheat_soybean,JPN,1.6897863149642944
wheat_soybean,KAZ,7.5
wheat_soybean,KEN,-0.7558664679527283
wheat_soybean,KGZ,-0.17668497562408447
wheat_soybean,KOR,3.501441866159439
wheat_soybean,LAO,-0.0
wheat_soybean,LBN,7.5
wheat_soybean,LSO,7.5
wheat_soybean,LUX,7.5
wheat_soybean,MAR,-1.682226538658142
wheat_soybean,MDA,7.5
wheat_soybean,MEX,-0.33564479649066925
wheat_soybean,MKD,7.5
wheat_soybean,MMR,3.8898015916347504
wheat_soybean,MNE,7.5
wheat_soybean,MOZ,7.5
wheat_soybean,MWI,3.3339477479457855
wheat_soybean,NGA,7.5
wheat_soybean,NLD,7.5
wheat_soybean,NPL,7.5
wheat_soybean,PAK,-0.6115106046199799
wheat_soybean,PER,-0.7021763324737549
wheat_soybean,POL,7.5
wheat_soybean,PRT,7.5
wheat_soybean,PRY,-0.20282374322414398
wheat_soybean,ROU,7.5
wheat_soybean,RUS,7.5
wheat_soybean,RWA,-0.4764625281095505
wheat_soybean,SRB,7.5
wheat_soybean,SVK,7.5
wheat_soybean,SVN,7.5
wheat_soybean,SWZ,-0.5346859693527222
wheat_soybean,SYR,7.5
wheat_soybean,THA,7.5
wheat_soybean,TJK,7.5
wheat_soybean,TKM,4.319685339927673
wheat_soybean,TUR,7.5
wheat_soybean,TWN,-0.40101414918899536
wheat_soybean,TZA,-0.4393027722835541
wheat_soybean,UGA,-1.204234778881073
wheat_soybean,UKR,7.5
wheat_soybean,URY,0.1300148367881775
wheat_soybean,USA,-0.08682133257389069
wheat_soybean,UZB,7.5
wheat_soybean,VNM,-0.6704668402671814
wheat_soybean,ZAF,-0.4422916769981384
wheat_soybean,ZMB,-0.3880075514316559
wheat_soybean,ZWE,4.4305033683776855
